languagetool-org_languagetool,udomai_SteVio89,1.0,0.125
strapi_strapi,ronronscelestes_maevalienard,0.19298245614035087,0.26666666666666666
opencrvs_opencrvs-core,jamil314_emon-swe-sust,0.2159090909090909,0.3333333333333333
datagrok-ai_public,skalkin_dskatov,0.25,0.16666666666666666
apache_inlong,fuweng11_ciscozhou,1.0,0.3333333333333333
jmix-framework_jmix,natfirst_glebfox,0.3333333333333333,0.11764705882352941
dotnet_arcade,garath_epananth,0.5263157894736842,0.3333333333333333
actions_runner-images,andy-mishechkin_LeonidLapshin,0.5714285714285714,0.6774193548387096
conan-io_conan,jgsogo_danimtb,0.16363636363636364,0.7391304347826086
PrefectHQ_prefect,marichka-offen_brigidgliwa,0.5,0.2
PrefectHQ_prefect,space-age-pete_brigidgliwa,0.5,0.2
PaddlePaddle_PaddleOCR,tink2123_an1018,0.05555555555555555,0.30434782608695654
keycloak_keycloak,tondrusk_Aboullos,1.0,0.2
vector-im_element-web,reivilibre_c-cal,0.14285714285714285,0.25
EddieHubCommunity_LinkFree,Tejas-Teju_RagibAjmal,1.0,0.3333333333333333
open-metadata_OpenMetadata,kshinde2512_Vj-L,1.0,0.07142857142857142
scylladb_scylladb,bentsi_aleksbykov,0.4,0.0
bryntum_support,chuckn0rris_bmblb,0.16666666666666666,0.6428571428571429
FuelLabs_sway,simonr0204_otrho,0.4411764705882353,0.09523809523809523
MicrosoftDocs_microsoft-365-docs,markjjo_LauraWi,0.15384615384615385,0.5
carbon-design-system_carbon-for-ibm-dotcom,thyhmdo_jkaeser,0.3333333333333333,0.0
carbon-design-system_carbon-for-ibm-dotcom,thyhmdo_ljcarot,0.3333333333333333,0.05263157894736842
spring-projects_spring-security,ugrave_qavid,1.0,0.125
mui_material-ui,sai6855_TinaSay,0.25,0.05714285714285714
brave_brave-browser,btlechowski_MadhaviSeelam,0.25,0.5454545454545454
provectus_kafka-ui,burusha16_Guzel738,0.25,0.25
provectus_kafka-ui,soffest_burusha16,0.25,0.5
teambtcmap_btcmap-data,sheepbild_alekqss,0.5,0.0
brave_brave-ios,srirambv_btlechowski,0.058823529411764705,0.3333333333333333
open-formulieren_open-forms,sergei-maertens_Viicos,0.0,0.02
open-formulieren_open-forms,vaszig_Viicos,0.0,0.07692307692307693
open-formulieren_open-forms,pi-sigma_Viicos,0.0,0.0625
open-formulieren_open-forms,jiromaykin_Viicos,0.0,0.16666666666666666
open-formulieren_open-forms,vaszig_sergei-maertens,0.0,0.23529411764705882
open-formulieren_open-forms,sergei-maertens_CharString,0.0,0.3018867924528302
open-formulieren_open-forms,sergei-maertens_SilviaAmAm,0.0,0.5454545454545454
open-formulieren_open-forms,sergei-maertens_annashamray,0.0,0.0196078431372549
open-formulieren_open-forms,sergei-maertens_pi-sigma,0.0,0.29411764705882354
open-formulieren_open-forms,sergei-maertens_Xaohs,0.0,0.02
open-formulieren_open-forms,svenvandescheur_sergei-maertens,0.0,0.11764705882352941
open-formulieren_open-forms,stevenbal_sergei-maertens,0.0,0.3269230769230769
open-formulieren_open-forms,sergei-maertens_jiromaykin,0.0,0.12
open-formulieren_open-forms,sergei-maertens_Bartvaderkin,0.0,0.34615384615384615
open-formulieren_open-forms,sergei-maertens_dariomory,0.0,0.1
open-formulieren_open-forms,vaszig_CharString,0.0,0.3333333333333333
open-formulieren_open-forms,vaszig_SilviaAmAm,0.0,0.2972972972972973
open-formulieren_open-forms,vaszig_annashamray,0.0,0.07142857142857142
open-formulieren_open-forms,vaszig_pi-sigma,0.0,0.3181818181818182
open-formulieren_open-forms,vaszig_Xaohs,0.0,0.07692307692307693
open-formulieren_open-forms,vaszig_svenvandescheur,0.0,0.1111111111111111
open-formulieren_open-forms,vaszig_stevenbal,0.0,0.10344827586206896
open-formulieren_open-forms,vaszig_jiromaykin,0.0,0.35714285714285715
open-formulieren_open-forms,vaszig_Bartvaderkin,0.0,0.17857142857142858
open-formulieren_open-forms,vaszig_dariomory,0.0,0.2857142857142857
open-formulieren_open-forms,SilviaAmAm_CharString,0.0,0.3170731707317073
open-formulieren_open-forms,annashamray_CharString,0.0,0.05
open-formulieren_open-forms,pi-sigma_CharString,0.0,0.34615384615384615
open-formulieren_open-forms,svenvandescheur_CharString,0.0,0.08333333333333333
open-formulieren_open-forms,stevenbal_CharString,0.0,0.22580645161290322
open-formulieren_open-forms,jiromaykin_CharString,0.0,0.19047619047619047
open-formulieren_open-forms,CharString_Bartvaderkin,0.0,0.18181818181818182
open-formulieren_open-forms,dariomory_CharString,0.0,0.2
open-formulieren_open-forms,annashamray_SilviaAmAm,0.0,0.027777777777777776
open-formulieren_open-forms,pi-sigma_SilviaAmAm,0.0,0.3076923076923077
open-formulieren_open-forms,Xaohs_SilviaAmAm,0.0,0.02857142857142857
open-formulieren_open-forms,svenvandescheur_SilviaAmAm,0.0,0.10526315789473684
open-formulieren_open-forms,stevenbal_SilviaAmAm,0.0,0.35
open-formulieren_open-forms,jiromaykin_SilviaAmAm,0.0,0.1388888888888889
open-formulieren_open-forms,SilviaAmAm_Bartvaderkin,0.0,0.4473684210526316
open-formulieren_open-forms,dariomory_SilviaAmAm,0.0,0.14285714285714285
open-formulieren_open-forms,pi-sigma_annashamray,0.0,0.058823529411764705
open-formulieren_open-forms,svenvandescheur_annashamray,0.0,0.2857142857142857
open-formulieren_open-forms,jiromaykin_annashamray,0.0,0.14285714285714285
open-formulieren_open-forms,svenvandescheur_pi-sigma,0.0,0.21052631578947367
open-formulieren_open-forms,stevenbal_pi-sigma,0.0,0.16666666666666666
open-formulieren_open-forms,pi-sigma_jiromaykin,0.0,0.375
open-formulieren_open-forms,pi-sigma_Bartvaderkin,0.0,0.16129032258064516
open-formulieren_open-forms,pi-sigma_dariomory,0.0,0.23529411764705882
open-formulieren_open-forms,svenvandescheur_stevenbal,0.0,0.18181818181818182
open-formulieren_open-forms,svenvandescheur_jiromaykin,0.0,0.3
open-formulieren_open-forms,svenvandescheur_Bartvaderkin,0.0,0.08
open-formulieren_open-forms,svenvandescheur_dariomory,0.0,0.2
open-formulieren_open-forms,stevenbal_jiromaykin,0.0,0.13636363636363635
open-formulieren_open-forms,stevenbal_Bartvaderkin,0.0,0.5
open-formulieren_open-forms,stevenbal_dariomory,0.0,0.2
open-formulieren_open-forms,jiromaykin_Bartvaderkin,0.0,0.08333333333333333
open-formulieren_open-forms,jiromaykin_dariomory,0.0,0.2222222222222222
open-formulieren_open-forms,dariomory_Bartvaderkin,0.0,0.25
shelcia_noobcodes-docs,akshatjain1004_Kumar-Ankit56,0.015873015873015872,0.25
w3c_csswg-drafts,ogerchikov_JTensai,0.25,0.3333333333333333
cocos_cocos-engine,chichinohaha_Zhmz,0.5,0.2
aws-amplify_amplify-cli,siegerts_evcodes,0.1276595744680851,0.05263157894736842
apache_dolphinscheduler,eye-gu_ORuteMa,1.0,0.3333333333333333
apache_dolphinscheduler,hstdream_eye-gu,1.0,0.5555555555555556
apache_dolphinscheduler,wendongdi_eye-gu,1.0,0.25
apache_dolphinscheduler,hstdream_ORuteMa,1.0,0.25
apache_dolphinscheduler,wendongdi_ORuteMa,1.0,0.2
apache_dolphinscheduler,seagle-yuan_paul-yangmy,1.0,0.75
apache_dolphinscheduler,wendongdi_hstdream,1.0,0.2
apache_dolphinscheduler,pandong2011_jokerhzf,1.0,0.25
apache_dolphinscheduler,pandong2011_Weipleasure,1.0,0.25
apache_dolphinscheduler,zwZjut_pandong2011,1.0,0.14285714285714285
apache_dolphinscheduler,pandong2011_jon-qj,1.0,0.6666666666666666
apache_dolphinscheduler,ronyang1985_pandong2011,1.0,0.25
apache_dolphinscheduler,pandong2011_SunnyZ-L,1.0,0.16666666666666666
apache_dolphinscheduler,uestczhuhao_pandong2011,1.0,0.2
apache_dolphinscheduler,pandong2011_DuChaoJiaYou,1.0,0.3333333333333333
apache_dolphinscheduler,pandong2011_choucmei,1.0,0.0
apache_dolphinscheduler,yangqiyu0306_pandong2011,1.0,0.0
apache_dolphinscheduler,jokerhzf_Weipleasure,1.0,1.0
apache_dolphinscheduler,zwZjut_jokerhzf,1.0,0.5
apache_dolphinscheduler,jon-qj_jokerhzf,1.0,0.2
apache_dolphinscheduler,ronyang1985_jokerhzf,1.0,0.2
apache_dolphinscheduler,jokerhzf_SunnyZ-L,1.0,0.14285714285714285
apache_dolphinscheduler,uestczhuhao_jokerhzf,1.0,0.16666666666666666
apache_dolphinscheduler,jokerhzf_DuChaoJiaYou,1.0,0.25
apache_dolphinscheduler,jokerhzf_choucmei,1.0,0.0
apache_dolphinscheduler,yangqiyu0306_jokerhzf,1.0,0.0
apache_dolphinscheduler,zwZjut_Weipleasure,1.0,0.5
apache_dolphinscheduler,jon-qj_Weipleasure,1.0,0.2
apache_dolphinscheduler,ronyang1985_Weipleasure,1.0,0.2
apache_dolphinscheduler,Weipleasure_SunnyZ-L,1.0,0.14285714285714285
apache_dolphinscheduler,uestczhuhao_Weipleasure,1.0,0.16666666666666666
apache_dolphinscheduler,Weipleasure_DuChaoJiaYou,1.0,0.25
apache_dolphinscheduler,choucmei_Weipleasure,1.0,0.0
apache_dolphinscheduler,yangqiyu0306_Weipleasure,1.0,0.0
apache_dolphinscheduler,zwZjut_jon-qj,1.0,0.125
apache_dolphinscheduler,zwZjut_ronyang1985,1.0,0.2857142857142857
apache_dolphinscheduler,zwZjut_SunnyZ-L,1.0,0.375
apache_dolphinscheduler,zwZjut_uestczhuhao,1.0,0.25
apache_dolphinscheduler,zwZjut_DuChaoJiaYou,1.0,0.14285714285714285
apache_dolphinscheduler,zwZjut_choucmei,1.0,0.16666666666666666
apache_dolphinscheduler,zwZjut_yangqiyu0306,1.0,0.0
apache_dolphinscheduler,wangxj3_Wilson-BT,1.0,0.3333333333333333
apache_dolphinscheduler,yangyunxi_ji04xiaogang,1.0,0.25
apache_dolphinscheduler,ronyang1985_jon-qj,1.0,0.2
apache_dolphinscheduler,jon-qj_SunnyZ-L,1.0,0.14285714285714285
apache_dolphinscheduler,uestczhuhao_jon-qj,1.0,0.16666666666666666
apache_dolphinscheduler,jon-qj_DuChaoJiaYou,1.0,0.6666666666666666
apache_dolphinscheduler,jon-qj_choucmei,1.0,0.0
apache_dolphinscheduler,yangqiyu0306_jon-qj,1.0,0.0
apache_dolphinscheduler,ronyang1985_SunnyZ-L,1.0,0.3333333333333333
apache_dolphinscheduler,uestczhuhao_ronyang1985,1.0,0.4
apache_dolphinscheduler,ronyang1985_DuChaoJiaYou,1.0,0.25
apache_dolphinscheduler,ronyang1985_choucmei,1.0,0.3333333333333333
apache_dolphinscheduler,yangqiyu0306_ronyang1985,1.0,0.0
apache_dolphinscheduler,uestczhuhao_SunnyZ-L,1.0,0.5
apache_dolphinscheduler,SunnyZ-L_DuChaoJiaYou,1.0,0.16666666666666666
apache_dolphinscheduler,choucmei_SunnyZ-L,1.0,0.2
apache_dolphinscheduler,yangqiyu0306_SunnyZ-L,1.0,0.0
apache_dolphinscheduler,uestczhuhao_DuChaoJiaYou,1.0,0.2
apache_dolphinscheduler,uestczhuhao_choucmei,1.0,0.25
apache_dolphinscheduler,yangqiyu0306_uestczhuhao,1.0,0.16666666666666666
apache_dolphinscheduler,choucmei_DuChaoJiaYou,1.0,0.0
apache_dolphinscheduler,yangqiyu0306_DuChaoJiaYou,1.0,0.0
apache_dolphinscheduler,yangqiyu0306_choucmei,1.0,0.0
NVIDIA_TensorRT,oxana-nvidia_nvpohanh,0.17647058823529413,0.045454545454545456
quarto-dev_quarto-cli,dragonstyle_cscheid,0.049079754601226995,0.4246575342465753
Azure_azure-sdk-for-java,ki1729_XiaofeiCao,0.5,0.24
status-im_status-desktop,richard-ramos_cammellos,0.1510791366906475,0.18181818181818182
microsoft_pylance-release,judej_bschnurr,0.16216216216216217,0.5217391304347826
bounswe_bounswe2022group2,xltvy_gokayyildiz,0.25,0.43333333333333335
kyma-project_busola,mrCherry97_Lyczeq,0.0,0.5714285714285714
kyma-project_busola,mrCherry97_Wawrzyn321,0.0,0.42105263157894735
kyma-project_busola,mrCherry97_dariadomagala-sap,0.0,0.4
kyma-project_busola,mrCherry97_Julius-Schmidt,0.0,0.08333333333333333
kyma-project_busola,valentinvieriu_mrCherry97,0.0,0.15384615384615385
kyma-project_busola,mrCherry97_grego952,0.0,0.38461538461538464
kyma-project_busola,parostatkiem-zz_mrCherry97,0.0,0.08333333333333333
kyma-project_busola,Wawrzyn321_Lyczeq,0.0,0.47058823529411764
kyma-project_busola,dariadomagala-sap_Lyczeq,0.0,0.5833333333333334
kyma-project_busola,Lyczeq_Julius-Schmidt,0.0,0.1
kyma-project_busola,valentinvieriu_Lyczeq,0.0,0.18181818181818182
kyma-project_busola,grego952_Lyczeq,0.0,0.23076923076923078
kyma-project_busola,parostatkiem-zz_Lyczeq,0.0,0.1
kyma-project_busola,dariadomagala-sap_Wawrzyn321,0.0,0.4117647058823529
kyma-project_busola,Wawrzyn321_Julius-Schmidt,0.0,0.06666666666666667
kyma-project_busola,valentinvieriu_Wawrzyn321,0.0,0.125
kyma-project_busola,grego952_Wawrzyn321,0.0,0.23529411764705882
kyma-project_busola,parostatkiem-zz_Wawrzyn321,0.0,0.06666666666666667
kyma-project_busola,dariadomagala-sap_Julius-Schmidt,0.0,0.1111111111111111
kyma-project_busola,valentinvieriu_dariadomagala-sap,0.0,0.2
kyma-project_busola,grego952_dariadomagala-sap,0.0,0.25
kyma-project_busola,parostatkiem-zz_dariadomagala-sap,0.0,0.1111111111111111
kyma-project_busola,valentinvieriu_Julius-Schmidt,0.0,0.3333333333333333
kyma-project_busola,grego952_Julius-Schmidt,0.0,0.16666666666666666
kyma-project_busola,parostatkiem-zz_Julius-Schmidt,0.0,1.0
kyma-project_busola,valentinvieriu_grego952,0.0,0.2857142857142857
kyma-project_busola,valentinvieriu_parostatkiem-zz,0.0,0.3333333333333333
kyma-project_busola,parostatkiem-zz_grego952,0.0,0.16666666666666666
microsoft_vscode-jupyter,greazer_DavidKutu,0.18518518518518517,0.4444444444444444
vesoft-inc_nebula,zlcook_tong-hao,0.3333333333333333,0.0
metersphere_metersphere,wxg0103_liuruibin,0.0625,0.375
eclipse_che,vitaliy-guliy_vinokurig,0.42857142857142855,0.5111111111111111
calcom_cal.com,RayAsh37_Jenietoc,0.2,0.3333333333333333
coronasafe_care_fe,Marmik2003_Krishna-Sivakumar,0.23404255319148937,0.0
primefaces_primefaces,marw1tt_fanste,1.0,0.09090909090909091
primefaces_primefaces,pfumi_fanste,1.0,0.09090909090909091
primefaces_primefaces,irieill_fanste,1.0,0.09090909090909091
primefaces_primefaces,koan00_fanste,1.0,0.18181818181818182
primefaces_primefaces,pfumi_marw1tt,1.0,0.0
primefaces_primefaces,marw1tt_irieill,1.0,0.0
primefaces_primefaces,marw1tt_koan00,1.0,0.0
primefaces_primefaces,pfumi_irieill,1.0,0.0
primefaces_primefaces,pfumi_koan00,1.0,0.5
primefaces_primefaces,koan00_irieill,1.0,0.0
spring-projects_spring-framework,wilkinsona_snicoll,0.1413237924865832,0.1875
Kaiserreich_Kaiserreich-4,Th3A1ph4D0g_Augenis,1.0,0.5
Kaiserreich_Kaiserreich-4,Vidyaorszag_Augenis,1.0,0.75
Kaiserreich_Kaiserreich-4,Igor050301_Augenis,1.0,0.16666666666666666
Kaiserreich_Kaiserreich-4,ZimbabweSaltCo_Augenis,1.0,0.6923076923076923
Kaiserreich_Kaiserreich-4,Vidyaorszag_Th3A1ph4D0g,1.0,0.6666666666666666
Kaiserreich_Kaiserreich-4,Th3A1ph4D0g_Igor050301,1.0,0.3333333333333333
Kaiserreich_Kaiserreich-4,ZimbabweSaltCo_Th3A1ph4D0g,1.0,0.45454545454545453
Kaiserreich_Kaiserreich-4,Vidyaorszag_Igor050301,1.0,0.2222222222222222
Kaiserreich_Kaiserreich-4,ZimbabweSaltCo_Vidyaorszag,1.0,0.7272727272727273
Kaiserreich_Kaiserreich-4,ZimbabweSaltCo_Igor050301,1.0,0.2
spyder-ide_spyder,jitseniesen_bcolsen,0.2222222222222222,0.0
tensorflow_tensorflow,karimnosseir_gharibian,0.5277777777777778,0.15
vegaprotocol_frontend-monorepo,rebeccajsimmonds_campbellssource,1.0,0.25
gitpod-io_gitpod,geropl_corneliusludmann,0.2736842105263158,0.2037037037037037
ParabolInc_parabol,garethaledavies_avivapinchas,0.5,0.2857142857142857
nocodb_nocodb,pranavxc_dstala,0.2518518518518518,0.2857142857142857
PipedreamHQ_pipedream,jverce_andrewjschuang,0.13333333333333333,0.15
yugabyte_yugabyte-db,ttyusupov_frozenspider,0.14285714285714285,0.5882352941176471
redpanda-data_redpanda,michael-redpanda_Deflaimun,0.25,0.05
openhab_openhab-addons,lolodomo_andrewfg,0.08333333333333333,0.2857142857142857
dbeaver_dbeaver,Matvey16_DariaMarkaryan,0.5714285714285714,0.3
elastic_beats,kcreddy_gpop63,1.0,0.2
elastic_beats,manishgupta-qasource_dikshachauhan-qasource,1.0,0.125
renovatebot_renovate,dotstone_chludwig-haufe,0.5,0.25
centerofci_mathesar,Jyuart_Jinxiao0302,0.6666666666666666,0.6
microsoft_vscode,lszomoru_chrmarti,0.2048780487804878,0.2682926829268293
grafana_grafana,catherineymgui_amy-super,1.0,0.0
osmosis-labs_osmosis,hieuvubk_MasterPi-2124,0.19230769230769232,0.15384615384615385
OpenSID_OpenSID,yogiperdana_ruririzal,0.42857142857142855,0.2857142857142857
milvus-io_milvus,harpreetpaul_StevenSama,0.5,0.5
nextcloud_server,st3iny_miaulalala,0.3,0.36363636363636365
NuGet_Home,jebriede_erdembayar,0.5,0.3466666666666667
fluent_fluent-bit,nokute78_fujimotos,0.14285714285714285,0.25
FerretDB_FerretDB,ribaraka_fenogentov,1.0,0.6
home-assistant_core,rohankapoorcom_ochlocracy,0.21428571428571427,0.0
glpi-project_glpi,ccailly_Lainow,0.5,0.0
espressif_arduino-esp32,PilnyTomas_P-R-O-C-H-Y,0.1875,0.5833333333333334
cilium_cilium,marseel_julianwiedmann,0.25925925925925924,0.25
bitnami_containers,andresbono_alemorcuq,0.3188405797101449,0.16666666666666666
alcionai_corso,vkamra_ntolia,0.14285714285714285,0.1
prisma_prisma,dpetrick_do4gr,0.38016528925619836,0.23376623376623376
bounswe_bounswe2022group1,omerozdemir1_mstfatay,0.13333333333333333,0.6842105263157895
mindsdb_mindsdb,PWiederspan_Max-Miller03,1.0,0.6666666666666666
coder_coder,sreya_Kira-Pilot,0.23529411764705882,0.4117647058823529
woocommerce_woocommerce,pmcpinto_kmrpankaj,0.3333333333333333,0.0
GoogleChrome_web.dev,samthor_brendankenny,0.13559322033898305,0.25
airbytehq_airbyte,subodh1810_rodireich,0.25,0.52
gravitational_teleport,lxea_EdwardDowling,0.4166666666666667,0.16923076923076924
dotCMS_core,zJaaal_rjvelazco,0.1111111111111111,0.373134328358209
ArctosDB_arctos,ewommack_ccicero,1.0,0.125
ArctosDB_arctos,ewommack_amgunderson,1.0,0.1111111111111111
ArctosDB_arctos,jldunnum_ewommack,1.0,0.0
ArctosDB_arctos,ewommack_ebraker,1.0,0.18181818181818182
ArctosDB_arctos,ccicero_amgunderson,1.0,0.10344827586206896
ArctosDB_arctos,jldunnum_ccicero,1.0,0.06451612903225806
ArctosDB_arctos,ebraker_ccicero,1.0,0.16666666666666666
ArctosDB_arctos,jldunnum_amgunderson,1.0,0.0
ArctosDB_arctos,ebraker_amgunderson,1.0,0.125
ArctosDB_arctos,jldunnum_ebraker,1.0,0.25
dotnet_perf-autofiling-issues,jkotas_AndyAyersMS,0.14613180515759314,0.2
longhorn_longhorn,roger-ryao_chriscchien,0.5,0.2903225806451613
longhorn_longhorn,chriscchien_WebberHuang1118,0.5,0.03333333333333333
vectordotdev_vector,vladimir-dd_001wwang,0.3333333333333333,0.28125
aws_aws-cdk,vinayak-kukreja_HBobertz,1.0,0.3125
friendica_friendica,tobiasd_fabrixxm,0.36585365853658536,0.35714285714285715
projectdiscovery_nuclei,parrasajad_forgedhallpass,0.24025974025974026,0.6666666666666666
gravitee-io_issues,sursak123_farmborough,1.0,0.14285714285714285
apache_shardingsphere,ismailalammar_GuoHaoZai,0.5,0.0
CDCgov_prime-reportstream,oslynn_GilmoreA6,1.0,0.4745762711864407
CDCgov_prime-reportstream,victor-chaparro_oslynn,1.0,0.1320754716981132
CDCgov_prime-reportstream,rnz6_oslynn,1.0,0.05660377358490566
CDCgov_prime-reportstream,victor-chaparro_GilmoreA6,1.0,0.10810810810810811
CDCgov_prime-reportstream,rnz6_GilmoreA6,1.0,0.05714285714285714
CDCgov_prime-reportstream,victor-chaparro_rnz6,1.0,0.25
google_mediapipe,lu-wang-g_khanhlvg,0.104,0.0
hashgraph_hedera-services,anighanta_JeffreyDallas,1.0,0.3684210526315789
hashgraph_hedera-services,ljianghedera_JeffreyDallas,1.0,0.5
hashgraph_hedera-services,lukelee-sl_imalygin,1.0,0.1875
hashgraph_hedera-services,lukelee-sl_jsync-swirlds,1.0,0.1
hashgraph_hedera-services,jsync-swirlds_imalygin,1.0,0.0
hashgraph_hedera-services,ljianghedera_anighanta,1.0,0.5625
ValveSoftware_steam-for-linux,thomaskoehler_jonpile,0.5,0.25
lampepfl_dotty,KacperFKorban_BarkingBad,0.2727272727272727,0.25925925925925924
bitnami_charts,joancafom_FraPazGal,0.3333333333333333,0.2972972972972973
localstack_localstack,spwats_MarcelStranak,0.4,0.13333333333333333
directus_directus,shivm29_chaiwattsw,0.125,1.0
halo-dev_halo,manction_Joydevelop,0.2,0.75
halo-dev_halo,chrosing_Aanko,0.2,0.14285714285714285
apache_doris,xy720_cambyzju,0.2727272727272727,0.0
FTBTeam_FTB-Modpack-Issues,Sunekaer_LatvianModder,0.08333333333333333,0.3076923076923077
ApolloAuto_apollo,yifeijiang_siyangy,0.23529411764705882,0.11764705882352941
dotnet_aspnetcore,mmitche_eerhardt,0.13679245283018868,0.0
influxdata_telegraf,sjwang90_MyaLongmire,0.15789473684210525,0.16666666666666666
woocommerce_woocommerce-blocks,wavvves_kmanijak,0.14285714285714285,0.24390243902439024
rome_tools,xunilrj_leops,0.11827956989247312,0.3448275862068966
harvester_harvester,slickwarren_DoNotSayYes,1.0,0.1875
dagster-io_dagster,xinbinhuang_mgasner,0.06578947368421052,0.17647058823529413
vector-im_element-android,bmarty_BillCarsonFr,0.26262626262626265,0.26277372262773724
pingcap_tiflow,cchenkey_CharlesCheung96,0.4,0.1956521739130435
ray-project_ray,richardliaw_ericl,0.10192837465564739,0.39285714285714285
eslint_eslint,platinumazure_ilyavolodin,0.1322314049586777,0.5
wazuh_wazuh,ncvicchi_Damian-Mangold,1.0,0.21052631578947367
wazuh_wazuh,dami-nicastro_cborla,1.0,0.043478260869565216
wazuh_wazuh,cborla_DanLarios07,1.0,0.0
wazuh_wazuh,dami-nicastro_DanLarios07,1.0,0.0
wazuh_wazuh,maumrsms_jsoliani,1.0,0.4
appwrite_appwrite,Hrdtr_FinnKr,0.3333333333333333,1.0
bazelbuild_bazel,iancha1992_Pavank1992,1.0,0.6875
objectionary_eo,yasamprom_MikhailLipanin,0.42857142857142855,0.6666666666666666
Azure_azure-sdk-for-python,minwoolee-msft_jalauzon-msft,1.0,0.041666666666666664
Azure_azure-sdk-for-python,jalauzon-msft_hivyas,1.0,0.22727272727272727
Azure_azure-sdk-for-python,jalauzon-msft_changlong-liu,1.0,0.0
Azure_azure-sdk-for-python,minwoolee-msft_hivyas,1.0,0.1111111111111111
Azure_azure-sdk-for-python,minwoolee-msft_changlong-liu,1.0,0.0
Azure_azure-sdk-for-python,hivyas_changlong-liu,1.0,0.0
ballerina-platform_ballerina-lang,parkavi11_Ibaqu,0.5,0.11538461538461539
musescore_MuseScore,RomanPudashkin_Eism,0.14285714285714285,0.6
musescore_MuseScore,lvinken_Eism,0.14285714285714285,0.12121212121212122
oppia_oppia,akumar1503_Nix07,0.2,0.6666666666666666
eiksch_statev_v2_issues,its4l3x_Hutstaender,1.0,0.5833333333333334
eiksch_statev_v2_issues,milkdrops_its4l3x,1.0,0.4166666666666667
eiksch_statev_v2_issues,milkdrops_Hutstaender,1.0,0.5
MicrosoftDocs_OfficeDocs-SkypeForBusiness,cichur_LanaChin,0.4117647058823529,1.0
tutao_tutanota,ganthern_armhub,0.42857142857142855,0.5789473684210527
primefaces_primeng,onursenture_mertsincan,0.09289617486338798,0.08
dart-lang_sdk,sigmundch_rakudrama,0.45,0.34782608695652173
azerothcore_azerothcore-wotlk,The-GhostRider_Annamaria-CC,0.25,0.125
azerothcore_azerothcore-wotlk,Azcobu_Annamaria-CC,0.25,0.13043478260869565
azerothcore_azerothcore-wotlk,Efymer_Azcobu,0.25,0.14285714285714285
PaddlePaddle_Paddle,risemeup1_liuzhenhai93,1.0,0.25
pyansys_pyaedt,SMoraisAnsys_DaveTwyman,1.0,1.0
pyansys_pyaedt,nnetake_SMoraisAnsys,1.0,0.0
pyansys_pyaedt,nnetake_DaveTwyman,1.0,0.0
espressif_esp-idf,zhangyanjiaoesp_Icarus113,1.0,0.875
NVIDIA_spark-rapids,wjxiz1992_nartal1,0.3333333333333333,0.43478260869565216
Regalis11_Barotrauma,juanjp600_NilanthAnimosus,0.0,0.4117647058823529
Regalis11_Barotrauma,ekqvist_NilanthAnimosus,0.0,0.5714285714285714
Regalis11_Barotrauma,juanjp600_ekqvist,0.0,0.5555555555555556
ballerina-platform_ballerina-standard-library,ayeshLK_ThisaruGuruge,0.25,0.45454545454545453
audacity_audacity,SteveDaulton_LWinterberg,0.13953488372093023,0.11538461538461539
Crocoblock_suggestions,UraraReika_Floydtm,0.06666666666666667,0.05555555555555555
stoneatom_stonedb,zhongshengstoneatom_DandreChen,1.0,0.08333333333333333
Azure_azure-sdk-for-net,johnhuang01_jalauzon-msft,1.0,0.16666666666666666
modin-project_modin,peterbolson_naren-ponder,1.0,0.16666666666666666
ppy_osu,frenzibyte_bdach,0.23703703703703705,0.7142857142857143
woocommerce_woocommerce-ios,bummytime_astralbodies,0.24621212121212122,0.4
rancher_dashboard,sgapanovich_anupama2501,0.2222222222222222,0.20588235294117646
appsmithorg_appsmith,nayan-rafiq_ashit-rath,0.5,0.1956521739130435
microsoft_vcpkg,jimwang118_LilyWangLL,0.08333333333333333,0.65
camunda_zeebe,npepinpe_korthout,0.25,0.5945945945945946
MetaMask_metamask-extension,dpazdan_david0xd,0.18181818181818182,0.0
zephyrproject-rtos_zephyr,ruuddw_PerMac,0.25,0.11764705882352941
sourcegraph_sourcegraph,jasonhawkharris_gabtorre,0.4,0.16666666666666666
rancher_rke2,slickwarren_ShylajaDevadiga,1.0,0.0
MicrosoftDocs_azure-devops-docs,vijayma_ramiMSFT,0.3,0.4186046511627907
eclipse_sumo,namdre_bcoueraud87,0.0,0.19117647058823528
eclipse_sumo,vijay-jaisankar_bcoueraud87,0.0,0.125
eclipse_sumo,vijay-jaisankar_namdre,0.0,0.045454545454545456
openrewrite_rewrite,traceyyoshima_pway99,0.3333333333333333,0.5333333333333333
PixelExperience_android-issues,ReallySnow_KaguraRinko,0.21022727272727273,0.4444444444444444
rancher-sandbox_rancher-desktop,mook-as_ericpromislow,0.2857142857142857,0.5416666666666666
dotnet_AspNetCore.Docs,halter73_BrennanConroy,0.10727272727272727,0.0
apache_beam,ruslan-ikhsan_rshamunov,1.0,0.5555555555555556
owncast_owncast,vwallen_pippo,0.16666666666666666,0.25
OpenRCT2_OpenRCT2,duncanspumpkin_ZehMatt,0.05555555555555555,0.16666666666666666
GoogleChrome_developer.chrome.com,rdcronin_mikesg1t,0.2857142857142857,0.0
paradigmxyz_reth,truedem0n_tomarST,0.23529411764705882,0.6
pytorch_pytorch,mantaionut_iremyux,1.0,0.2857142857142857
pytorch_pytorch,yanbing-j_min-jean-cho,1.0,0.07692307692307693
bambulab_BambuStudio,MusangKingBambulab_LiZ-Li-BBL,1.0,0.6666666666666666
metabase_metabase,noahmoss_kulyk,0.2631578947368421,0.23170731707317074
apache_superset,yousoph_lilykuang,0.3,0.13333333333333333
frappe_erpnext,noahjacob_KrithiRamani,0.3333333333333333,0.1
frappe_erpnext,aaronmenezes_KrithiRamani,0.3333333333333333,0.3333333333333333
frappe_erpnext,KrithiRamani_Komal-Saraf0609,0.3333333333333333,1.0
frappe_erpnext,nidhipurohit11_KrithiRamani,0.3333333333333333,0.3333333333333333
mozilla-mobile_mozilla-vpn-client,mkestler-rtp_mbirghan,0.5,0.2
hashicorp_terraform-provider-google,drebes_carlyeks,0.04395604395604396,0.3333333333333333
Clueless-Community_seamless-ui,mukeshkuiry_Kingshuk3006,0.18518518518518517,1.0
ccxt_ccxt,sc0Vu_DoctorSlimm,0.009259259259259259,0.42857142857142855
PostHog_posthog,marcushyett-ph_joethreepwood,0.25,0.5
department-of-veterans-affairs_va.gov-team,Kimberley2023-CSM_ATMiddleton,1.0,0.6666666666666666
department-of-veterans-affairs_va.gov-team,it-harrison_CherylEvans,1.0,0.21052631578947367
department-of-veterans-affairs_va.gov-team,rachelshearerux_UXCamG,1.0,0.0
rust-lang_rust-clippy,camsteffen_Jarcho,0.2222222222222222,0.2727272727272727
pimcore_pimcore,kingjia90_aryaantony92,0.8,0.875
PaddlePaddle_PaddleSeg,hong19860320_cryoco,0.047619047619047616,0.0
python_cpython,ezio-melotti_ethanfurman,0.34554973821989526,0.4
angular_angular,trekladyone_josmar-crwdstffng,1.0,0.25
netbox-community_netbox,yash-pal1_kprince28,1.0,0.25
MystenLabs_sui,todd-mystenlabs_arun-koshy,0.6666666666666666,0.0
SeldonIO_seldon-core,jklaise_gsunner,0.17543859649122806,0.16666666666666666
fjordllc_bootcamp,rira100000000_aim2bpg,1.0,0.5555555555555556
fjordllc_bootcamp,rira100000000_naomichi-h,1.0,0.5
fjordllc_bootcamp,rira100000000_haruna-tsujita,1.0,0.5
fjordllc_bootcamp,rira100000000_harukus,1.0,0.4
fjordllc_bootcamp,sdk-quadra_rira100000000,1.0,0.2727272727272727
fjordllc_bootcamp,env-gp_chung3011,1.0,0.2222222222222222
fjordllc_bootcamp,ryoh173_chung3011,1.0,0.4444444444444444
fjordllc_bootcamp,naomichi-h_aim2bpg,1.0,0.875
fjordllc_bootcamp,haruna-tsujita_aim2bpg,1.0,0.6666666666666666
fjordllc_bootcamp,harukus_aim2bpg,1.0,0.75
fjordllc_bootcamp,sdk-quadra_aim2bpg,1.0,0.5555555555555556
fjordllc_bootcamp,naomichi-h_haruna-tsujita,1.0,0.7777777777777778
fjordllc_bootcamp,naomichi-h_harukus,1.0,0.875
fjordllc_bootcamp,sdk-quadra_naomichi-h,1.0,0.6666666666666666
fjordllc_bootcamp,haruna-tsujita_harukus,1.0,0.6666666666666666
fjordllc_bootcamp,sdk-quadra_haruna-tsujita,1.0,0.5
fjordllc_bootcamp,sdk-quadra_harukus,1.0,0.75
fjordllc_bootcamp,gallardo16_KishiKyousuke,1.0,0.8333333333333334
fjordllc_bootcamp,ryoh173_env-gp,1.0,0.5
microsoft_fluentui,mshoho_kolaps33,0.3333333333333333,0.08
treeverse_lakeFS,talSofer_Isan-Rivkin,0.023809523809523808,0.23809523809523808
misskey-dev_misskey,tamaina_mei23,0.21076233183856502,0.6428571428571429
elastic_elasticsearch,williamrandolph_mashhurs,0.5,0.058823529411764705
elastic_elasticsearch,kilfoyle_amyjtechwriter,0.5,0.13333333333333333
BCDevOps_developer-experience,lukegonis_caggles,0.75,0.2222222222222222
Start9Labs_embassy-os,k0gen_gStart9,0.4117647058823529,0.0
CDCgov_prime-simplereport,lg-king_BobanL,1.0,0.13793103448275862
CDCgov_prime-simplereport,kenieh_BobanL,1.0,0.16666666666666666
CDCgov_prime-simplereport,tomiobikunle_BobanL,1.0,0.03225806451612903
CDCgov_prime-simplereport,georgehager_BobanL,1.0,0.47058823529411764
CDCgov_prime-simplereport,LGFranklin_BobanL,1.0,0.06896551724137931
CDCgov_prime-simplereport,lg-king_kenieh,1.0,0.7142857142857143
CDCgov_prime-simplereport,tomiobikunle_lg-king,1.0,0.2857142857142857
CDCgov_prime-simplereport,lg-king_georgehager,1.0,0.17391304347826086
CDCgov_prime-simplereport,lg-king_LGFranklin,1.0,0.3333333333333333
CDCgov_prime-simplereport,tomiobikunle_kenieh,1.0,0.2222222222222222
CDCgov_prime-simplereport,kenieh_georgehager,1.0,0.2608695652173913
CDCgov_prime-simplereport,kenieh_LGFranklin,1.0,0.42857142857142855
CDCgov_prime-simplereport,tomiobikunle_georgehager,1.0,0.08333333333333333
CDCgov_prime-simplereport,tomiobikunle_LGFranklin,1.0,0.4
CDCgov_prime-simplereport,georgehager_LGFranklin,1.0,0.13636363636363635
golang_go,dr2chase_cherrymui,0.17142857142857143,0.21052631578947367
opensearch-project_OpenSearch,mloufra_joshpalis,1.0,0.0
magento_magento2,arifadobe_alena-marchenko,1.0,0.0
magento_magento2,omaxmo_arifadobe,1.0,0.25
magento_magento2,siimm_arifadobe,1.0,0.13333333333333333
magento_magento2,mallikaverma_arifadobe,1.0,0.25
magento_magento2,arifadobe_amolina-adobe,1.0,0.4
magento_magento2,sarfarazbheda_arifadobe,1.0,0.07142857142857142
magento_magento2,omaxmo_alena-marchenko,1.0,0.0
magento_magento2,siimm_alena-marchenko,1.0,0.0625
magento_magento2,mallikaverma_alena-marchenko,1.0,0.0
magento_magento2,amolina-adobe_alena-marchenko,1.0,0.0
magento_magento2,sarfarazbheda_alena-marchenko,1.0,0.0
magento_magento2,siimm_omaxmo,1.0,0.125
magento_magento2,omaxmo_mallikaverma,1.0,0.2
magento_magento2,omaxmo_amolina-adobe,1.0,0.14285714285714285
magento_magento2,sarfarazbheda_omaxmo,1.0,0.14285714285714285
magento_magento2,siimm_mallikaverma,1.0,0.058823529411764705
magento_magento2,siimm_amolina-adobe,1.0,0.17647058823529413
magento_magento2,siimm_sarfarazbheda,1.0,0.2727272727272727
magento_magento2,mallikaverma_amolina-adobe,1.0,0.14285714285714285
magento_magento2,sarfarazbheda_mallikaverma,1.0,0.06666666666666667
magento_magento2,sarfarazbheda_amolina-adobe,1.0,0.058823529411764705
Azure_azure-sdk-tools,zzvswxy_changlong-liu,1.0,0.0
ethyca_fides,adamsachs_SteveDMurphy,0.3333333333333333,0.16666666666666666
ethyca_fides,chriscalhoun1974_SteveDMurphy,0.3333333333333333,0.1
minio_minio,dvaldivia_Praveenrajmani,0.09375,0.18181818181818182
WordPress_Learn,mjaragon_harshgajipara,1.0,0.4
WordPress_Learn,piyushmultidots_harshgajipara,1.0,0.125
WordPress_Learn,piyushmultidots_mjaragon,1.0,0.14285714285714285
WordPress_Learn,matteospi_artdecotech,1.0,0.0
osmandapp_OsmAnd,dmpr0_cepprice,0.0,0.21739130434782608
osmandapp_OsmAnd,cepprice_PaulStets,0.0,0.047619047619047616
osmandapp_OsmAnd,cepprice_alisa911,0.0,0.2
osmandapp_OsmAnd,mmh-dev_cepprice,0.0,0.13636363636363635
osmandapp_OsmAnd,dmpr0_PaulStets,0.0,0.14285714285714285
osmandapp_OsmAnd,dmpr0_alisa911,0.0,0.23076923076923078
osmandapp_OsmAnd,mmh-dev_dmpr0,0.0,0.2222222222222222
osmandapp_OsmAnd,dmpr0_angry010101,0.0,0.14285714285714285
osmandapp_OsmAnd,mmh-dev_PaulStets,0.0,0.25
osmandapp_OsmAnd,mmh-dev_alisa911,0.0,0.08333333333333333
osmandapp_OsmAnd,angry010101_alisa911,0.0,0.1111111111111111
abpframework_abp,masumulu28_fatihskilic,0.19230769230769232,0.4117647058823529
Lightning-AI_lightning,daniellepintz_ananthsub,0.22641509433962265,0.4230769230769231
qgis_QGIS,m-kuhn_3nids,0.20765027322404372,0.07692307692307693
nopSolutions_nopCommerce,ehalzombi_RuS984,0.5,0.75
rstudio_rstudio,melissa-barca_MariaSemple,0.2916666666666667,0.13793103448275862
filecoin-project_venus,ingar_eingenito,0.22641509433962265,0.0
GoogleContainerTools_skaffold,tejal29_nkubala,0.22875816993464052,0.4270833333333333
Automattic_sensei,mikeyarce_kellychoffman,0.45454545454545453,0.16666666666666666
mozilla-mobile_firefox-ios,yoanarios_nishant2718,0.16666666666666666,0.16666666666666666
mozilla-mobile_firefox-ios,rilury_razvanlitianu,0.16666666666666666,0.6
mozilla-mobile_firefox-ios,vphong_rilury,0.16666666666666666,0.0
reapit_foundations,HollyJoyPhillips_AshDeeming,0.5,0.3333333333333333
spring-projects_spring-boot,wilkinsona_snicoll,0.14308890330953927,0.3181818181818182
bigbluebutton_bigbluebutton,Scroody_JoVictorNunes,0.3333333333333333,0.28
jupyterlab_jupyterlab,vkaidalov-rft_aschlaep,0.17647058823529413,0.3333333333333333
tailscale_tailscale,soniaappasamy_sailorfrag,0.35714285714285715,0.4090909090909091
steedos_steedos-platform,sunhaolin_baozhoutao,0.2,0.9166666666666666
steedos_steedos-platform,yinlianghui_sunhaolin,0.2,0.6923076923076923
argoproj_argo-cd,plakyda-codefresh_oleksandr-codefresh,0.3333333333333333,0.4
helidon-io_helidon,tjquinno_barchetta,0.3333333333333333,0.5735294117647058
helidon-io_helidon,trentjeff_klustria,0.3333333333333333,0.4857142857142857
internetarchive_openlibrary,getuliobr_Nuisigor,0.42105263157894735,0.25
kodadot_nft-gallery,exezbcz_daiagi,0.2857142857142857,0.19607843137254902
dotnet_roslyn,adrianvmsft_AlekseyTs,0.2857142857142857,0.018867924528301886
Altinn_altinn-studio,matsgm_eimik,0.25,0.21428571428571427
lightdash_lightdash,yasmin-e_PriPatel,0.25,0.4117647058823529
epam_ketcher,kaluginserg_Zhirnoff,0.0,0.16666666666666666
epam_ketcher,karen-sarkisyan_Zhirnoff,0.0,0.08333333333333333
epam_ketcher,Zhirnoff_ElenaOdnoshivkina,0.0,0.058823529411764705
epam_ketcher,rrodionov91_nanoblit,0.0,0.7142857142857143
epam_ketcher,rrodionov91_kaluginserg,0.0,0.3333333333333333
epam_ketcher,rrodionov91_VasilevDO,0.0,0.625
epam_ketcher,rrodionov91_karen-sarkisyan,0.0,0.125
epam_ketcher,rrodionov91_ElenaOdnoshivkina,0.0,0.15
epam_ketcher,tinypony_rrodionov91,0.0,0.125
epam_ketcher,nanoblit_kaluginserg,0.0,0.42857142857142855
epam_ketcher,nanoblit_VasilevDO,0.0,0.5714285714285714
epam_ketcher,nanoblit_karen-sarkisyan,0.0,0.14285714285714285
epam_ketcher,nanoblit_ElenaOdnoshivkina,0.0,0.16666666666666666
epam_ketcher,tinypony_nanoblit,0.0,0.16666666666666666
epam_ketcher,kaluginserg_VasilevDO,0.0,0.375
epam_ketcher,karen-sarkisyan_kaluginserg,0.0,0.23076923076923078
epam_ketcher,kaluginserg_ElenaOdnoshivkina,0.0,0.23529411764705882
epam_ketcher,tinypony_kaluginserg,0.0,0.16666666666666666
epam_ketcher,karen-sarkisyan_VasilevDO,0.0,0.13333333333333333
epam_ketcher,VasilevDO_ElenaOdnoshivkina,0.0,0.15789473684210525
epam_ketcher,tinypony_VasilevDO,0.0,0.14285714285714285
epam_ketcher,karen-sarkisyan_ElenaOdnoshivkina,0.0,0.6875
epam_ketcher,karen-sarkisyan_Suzie33,0.0,0.18181818181818182
epam_ketcher,tinypony_karen-sarkisyan,0.0,0.18181818181818182
epam_ketcher,Suzie33_ElenaOdnoshivkina,0.0,0.125
epam_ketcher,tinypony_ElenaOdnoshivkina,0.0,0.125
epam_ketcher,tinypony_Suzie33,0.0,0.3333333333333333
pulumi_pulumi,kimberleyamackenzie_aq17,0.3333333333333333,0.09090909090909091
pulumi_pulumi,kimberleyamackenzie_caseyyh,0.3333333333333333,0.2
pulumi_pulumi,caseyyh_aq17,0.3333333333333333,0.13043478260869565
opensearch-project_OpenSearch-Dashboards,SuZhou-Joe_Hailong-am,1.0,0.3333333333333333
opensearch-project_OpenSearch-Dashboards,mpabba3003_ZilongX,1.0,0.0
kubernetes_kubernetes,deepakkinni_Dragoncell,0.3333333333333333,0.125
surveyjs_survey-library,dk981234_OlgaLarina,0.5,0.5555555555555556
openssl_openssl,romen_beldmit,0.23076923076923078,0.2
thingsboard_thingsboard,vvlladd28_ikulikov,0.075,0.5
carbon-design-system_carbon,kingtraceyj_aubrey-oneal,0.6666666666666666,0.375
envoyproxy_envoy,tyxia_stevenzzzz,0.5,0.17391304347826086
rust-lang_rust,ritikBhandari_nx2k3,0.14285714285714285,0.0
deckhouse_deckhouse,yalosev_31337Ghost,0.5,0.27586206896551724
deckhouse_deckhouse,name212_31337Ghost,0.5,0.28
opencollective_opencollective,samcaspus_saideepesh000,0.2037037037037037,0.16666666666666666
vlang_v,penguindark_UweKrueger,0.34615384615384615,0.16666666666666666
paritytech_substrate,dmitry-markin_Rashmirreddy,0.3333333333333333,0.0
cypress-io_cypress,nagash77_mschile,0.13333333333333333,0.21428571428571427
llvm_llvm-project,pogo59_OCHyams,1.0,0.0
kubernetes_website,tuibeovince_mrgiles,1.0,0.09090909090909091
kubernetes_website,pran2711_mrgiles,1.0,0.09523809523809523
kubernetes_website,tuibeovince_pran2711,1.0,0.25
rokwire_illinois-app,dr-mel_TodorBachvarov,1.0,0.42857142857142855
4GeeksAcademy_About-4Geeks-Academy,xenogenesis20_gmihov001,0.25,0.09090909090909091
Esri_calcite-components,ManahariDahal_AdelheidF,0.2,0.2857142857142857
trezor_trezor-suite,keip_ZdenekSL,0.3333333333333333,0.25
pulumi_pulumi-aws,viveklak_tusharshahrs,0.21052631578947367,0.0
microsoft_vscode-pull-request-github,jrieken_alexr00,0.03626943005181347,0.05405405405405406
unoplatform_uno,baptiste-nv_XiaotianNetlift,1.0,0.16666666666666666
unoplatform_uno,gevart_Massimo37,1.0,0.14285714285714285
Automattic_jetpack,thingalon_scruffian,0.4411764705882353,0.08695652173913043
cosmos_cosmos-sdk,sahith-narahari_fdymylja,0.2692307692307692,0.1
aws-amplify_amplify-js,ncarvajalc_AnilMaktala,0.5,0.14285714285714285
aws-amplify_amplify-js,chintannp_AnilMaktala,0.5,0.0
ita-social-projects_GreenCity,s1auka_Bohdan-Melnyk,1.0,0.32142857142857145
ita-social-projects_GreenCity,JimHolman1199_Bohdan-Melnyk,1.0,0.14285714285714285
ita-social-projects_GreenCity,s1auka_JimHolman1199,1.0,0.35714285714285715
ita-social-projects_GreenCity,greatpanda1603_TarasBeshlei,1.0,0.5
vegaprotocol_vega,peterbarrow_davidsiska-vega,1.0,0.06666666666666667
vegaprotocol_vega,peterbarrow_Vegaklaus,1.0,0.06976744186046512
vegaprotocol_vega,peterbarrow_campbellssource,1.0,0.09523809523809523
vegaprotocol_vega,davidsiska-vega_Vegaklaus,1.0,0.0
vegaprotocol_vega,davidsiska-vega_campbellssource,1.0,0.25
vegaprotocol_vega,campbellssource_Vegaklaus,1.0,0.0
pingcap_tidb,mengxin9014_fengou1,0.5,0.21428571428571427
ckeditor_ckeditor5,pszczesniak_illia-stv,1.0,0.45
ckeditor_ckeditor5,illia-stv_dufipl,1.0,0.11428571428571428
ckeditor_ckeditor5,mremiszewski_illia-stv,1.0,0.3076923076923077
ckeditor_ckeditor5,illia-stv_apadol-cksource,1.0,0.058823529411764705
ckeditor_ckeditor5,kbinieda_illia-stv,1.0,0.23809523809523808
ckeditor_ckeditor5,illia-stv_EwelinaD,1.0,0.3611111111111111
ckeditor_ckeditor5,pszczesniak_dufipl,1.0,0.2222222222222222
ckeditor_ckeditor5,pszczesniak_mremiszewski,1.0,0.2857142857142857
ckeditor_ckeditor5,pszczesniak_apadol-cksource,1.0,0.15384615384615385
ckeditor_ckeditor5,pszczesniak_kbinieda,1.0,0.3142857142857143
ckeditor_ckeditor5,pszczesniak_EwelinaD,1.0,0.22857142857142856
ckeditor_ckeditor5,mremiszewski_dufipl,1.0,0.13043478260869565
ckeditor_ckeditor5,dufipl_apadol-cksource,1.0,0.5714285714285714
ckeditor_ckeditor5,kbinieda_dufipl,1.0,0.125
ckeditor_ckeditor5,dufipl_EwelinaD,1.0,0.09090909090909091
ckeditor_ckeditor5,mremiszewski_apadol-cksource,1.0,0.045454545454545456
ckeditor_ckeditor5,mremiszewski_kbinieda,1.0,0.5
ckeditor_ckeditor5,mremiszewski_EwelinaD,1.0,0.3333333333333333
ckeditor_ckeditor5,kbinieda_apadol-cksource,1.0,0.043478260869565216
ckeditor_ckeditor5,apadol-cksource_EwelinaD,1.0,0.0
ckeditor_ckeditor5,kbinieda_EwelinaD,1.0,0.1935483870967742
postmanlabs_postman-app-support,kamaraj-p_Lincimary,1.0,0.0
postmanlabs_postman-app-support,kamaraj-p_anudeepmedicharla,1.0,0.18181818181818182
postmanlabs_postman-app-support,anudeepmedicharla_Lincimary,1.0,0.0
OpenBB-finance_OpenBBTerminal,jmaslek_colin99d,0.294478527607362,0.6
elastic_integrations,milan-elastic_aliabbas-elastic,1.0,0.23529411764705882
elastic_integrations,gpop63_Udayel,1.0,0.14285714285714285
elastic_integrations,gpop63_darshan-elastic,1.0,0.17647058823529413
elastic_integrations,darshan-elastic_Udayel,1.0,0.14285714285714285
dbt-labs_dbt-core,matt-winkler_colin-rogers-dbt,0.2857142857142857,0.0
getsentry_sentry-javascript,k-fish_iker-barriocanal,0.1702127659574468,0.2727272727272727
ToolJet_ToolJet,neha-gunta_jatingodnani,1.0,1.0
ToolJet_ToolJet,neha-gunta_UdaySagar-Git,1.0,1.0
ToolJet_ToolJet,neha-gunta_alammoiz,1.0,0.6666666666666666
ToolJet_ToolJet,neha-gunta_FroostyCodes,1.0,0.5
ToolJet_ToolJet,jatingodnani_UdaySagar-Git,1.0,1.0
ToolJet_ToolJet,jatingodnani_alammoiz,1.0,0.6666666666666666
ToolJet_ToolJet,jatingodnani_FroostyCodes,1.0,0.5
ToolJet_ToolJet,alammoiz_UdaySagar-Git,1.0,0.6666666666666666
ToolJet_ToolJet,UdaySagar-Git_FroostyCodes,1.0,0.5
ToolJet_ToolJet,alammoiz_FroostyCodes,1.0,0.5714285714285714
ToolJet_ToolJet,rw4nn_NishidhJain,1.0,0.25
hazelcast_hazelcast,vojtechtoman_petrpleshachkov,0.25,0.34615384615384615
backstage_backstage,ellieseastream_Timunas,0.3333333333333333,0.5
iotaledger_firefly,evavirseda_cpl121,0.35714285714285715,0.45454545454545453
apache_incubator-devlake,warren830_mindlesscloud,0.10344827586206896,0.5263157894736842
ONRR_onrr.gov-site,greensomes_cthomasONRR,1.0,0.5833333333333334
hzi-braunschweig_SORMAS-Project,danieltomaba_MateStrysewske,0.10526315789473684,0.05172413793103448
flutter_flutter,yusuf-goog_ricardoamador,0.2857142857142857,0.42857142857142855
Budibase_budibase,andz-bb_PClmnt,0.2857142857142857,0.2
kyma-project_kyma,sjanota_crabtree,0.25,0.3333333333333333
department-of-veterans-affairs_va.gov-cms,cmaeng_EWashb,1.0,0.2608695652173913
status-im_status-mobile,errorists_Serhy,0.4,0.0
bcgov_cas-cif,pbastia_matthieu-foucault,0.045454545454545456,0.6
arduino_arduino-ide,francescospissu_91volt,0.5,0.5882352941176471
withastro_astro,natemoo-re_FredKSchott,0.07384615384615385,0.15
TheGameCreators_GameGuruRepo,plemsoft_LeeBamberTGC,0.06451612903225806,0.7777777777777778
primefaces_primevue,sezisfurkan_bahadirsofuoglu,0.17073170731707318,0.08333333333333333
OpenModelica_OpenModelica,perost_AnHeuermann,0.2727272727272727,0.5217391304347826
k3s-io_k3s,rancher-max_ShylajaDevadiga,0.2,0.4
AirSkyBoat_AirSkyBoat,TiberonKalkaz_Frankie-hz,1.0,0.07692307692307693
apache_airflow,zeotuan_eskarimov,1.0,0.3
apache_airflow,zeotuan_Aakcht,1.0,0.14285714285714285
apache_airflow,zeotuan_danarwix,1.0,0.4
apache_airflow,eskarimov_Aakcht,1.0,0.3
apache_airflow,eskarimov_danarwix,1.0,0.2
apache_airflow,danarwix_Aakcht,1.0,0.16666666666666666
Azure_azure-cli,lil131_calvinhzy,0.3333333333333333,0.10526315789473684
Azure_azure-cli,swbae31_haagha,0.3333333333333333,0.2857142857142857
PaddlePaddle_PaddleNLP,joey12300_LemonNoel,0.3157894736842105,0.29411764705882354
pandas-dev_pandas,eirinikafourou_TeoSkondras,0.4,0.0
pandas-dev_pandas,vamsi-verma-s_hamedgibago,0.4,0.0
WordPress_gutenberg,yashitamittal11_brookewp,0.4,0.0
dotnet_docs,dtivel_StephenBonikowsky,0.23255813953488372,0.25
Automattic_wp-calypso,heavyweight_bogiii,1.0,0.16129032258064516
Automattic_wp-calypso,karenroldan_bogiii,1.0,0.038461538461538464
Automattic_wp-calypso,karenroldan_heavyweight,1.0,0.0625
dotnet_maui,mauroa_emaf,0.34615384615384615,0.3103448275862069
wso2_api-manager,prasa7_Nirothipan,0.2857142857142857,0.2777777777777778
pantsbuild_pants,wilsonliam_gshuflin,0.5,0.5
angular_components,devversion_crisbeto,0.23237597911227154,0.36363636363636365
Mbed-TLS_mbedtls,tom-daubney-arm_gabor-mezei-arm,1.0,0.4666666666666667
Mbed-TLS_mbedtls,gabor-mezei-arm_bensze01,1.0,0.4
Mbed-TLS_mbedtls,tom-daubney-arm_bensze01,1.0,0.6428571428571429
microsoft_TypeScript,navya9singh_iisaduan,0.25,0.3684210526315789
darktable-org_darktable,rawfiner_Nilvus,0.4,0.11538461538461539
PrestaShop_PrestaShop,micka-fdz_christophe-rouille,0.3333333333333333,0.2
PrestaShop_PrestaShop,christophe-rouille_alexandrebrubeyonds,0.3333333333333333,0.14285714285714285
pingcap_tiflash,ilovesoup_birdstorm,0.18947368421052632,0.0
vuetifyjs_vuetify,blalan05_ElijahKotyluk,0.2549019607843137,0.0
microsoft_vscode-remote-release,lszomoru_kieferrm,0.2809278350515464,0.0
risingwavelabs_risingwave,soundOfDestiny_cykbls01,0.6,0.18181818181818182
Project-MONAI_MONAI,myron_binliunls,0.3333333333333333,0.6666666666666666
SigNoz_signoz,sf-pchakraborty_NishidhJain,1.0,0.6
SigNoz_signoz,sf-pchakraborty_Jacoberson,1.0,0.4
SigNoz_signoz,NishidhJain_Jacoberson,1.0,0.75
apache_incubator-eventmesh,sreekesh93_krittysv,1.0,0.5
istio_istio,williamaronli_jtrbs,0.25,0.0
OpenLiberty_open-liberty,jkoehler22_annaguri,1.0,0.1111111111111111
MaterializeInc_materialize,chaas_andrewrodriguez-m,1.0,0.47058823529411764
microsoft_coe-starter-kit,rsantos00_Grant-Archibald-MS,0.07142857142857142,0.8333333333333334
open-telemetry_opentelemetry-collector-contrib,rahulbandariSensei_Sprakhar97,1.0,0.4
aptos-labs_aptos-core,gregnazario_davidiw,0.20469798657718122,0.3793103448275862
containers_podman,mheon_baude,0.16030534351145037,0.6923076923076923
FlutterFlow_flutterflow-issues,shelpert_mravani2,0.5,0.4
sboxgame_issues,tommydaz_EzMeowFP,0.5,0.0
Tedeapolis_development,niekschoemaker_CorruptSausage,0.14285714285714285,0.18181818181818182
microsoft_azuredatastudio,gupta1_dhgrajeda,0.6,0.23529411764705882
home-assistant_home-assistant.io,rohankapoorcom_ochlocracy,0.21428571428571427,0.25
kubernetes_minikube,klaases_andriyDev,0.25,0.28125
GCTC-NTGC_gc-digital-talent,mnigh_RM-1978,0.5,0.14285714285714285
GCTC-NTGC_gc-digital-talent,yonikid15_RM-1978,0.5,0.26666666666666666
magma_magma,vktng_mpfirrmann,0.8,0.3333333333333333
magma_magma,vktng_thmsschmitt,0.8,0.0
cockroachdb_cockroach,lidorcarmel_aliher1911,0.6666666666666666,0.3125
UnitTestBot_UTBotJava,Damtev_ArsenHD,0.26666666666666666,0.16666666666666666
charliermarsh_ruff,tjkuson_JonathanPlasse,0.05,0.1111111111111111
StarRocks_starrocks,wangsimo0_packy92,0.3333333333333333,0.0
logseq_logseq,maxweilun1989_alxlg,0.09090909090909091,0.0
chatwoot_chatwoot,nithindavid_iamsivin,0.323943661971831,0.4418604651162791
apache_pulsar,thetumbled_heesung-sn,0.3333333333333333,0.0
apache_pulsar,tjiuming_heesung-sn,0.3333333333333333,0.16666666666666666
apache_pulsar,tjiuming_baomingyu,0.3333333333333333,0.0
apache_pulsar,heesung-sn_baomingyu,0.3333333333333333,0.0
apache_pulsar,liudezhi2098_Nicklee007,0.3333333333333333,0.14285714285714285
JanssenProject_jans,nynymike_moabu,0.12962962962962962,0.12195121951219512
matrixorigin_matrixone,aressu1985_LiSong0214,1.0,0.3055555555555556
matrixorigin_matrixone,volgariver6_heni02,1.0,0.4230769230769231
matrixorigin_matrixone,qingxinhome_heni02,1.0,0.6666666666666666
matrixorigin_matrixone,iceTTTT_heni02,1.0,0.17391304347826086
matrixorigin_matrixone,volgariver6_qingxinhome,1.0,0.47619047619047616
matrixorigin_matrixone,volgariver6_iceTTTT,1.0,0.2857142857142857
matrixorigin_matrixone,qingxinhome_iceTTTT,1.0,0.23529411764705882
cockroachdb_docs,shermanCRL_amruss,0.16666666666666666,0.4
bcgov_entity,vysakh-menon-aot_shabeeb-aot,1.0,0.1875
primefaces_primereact,ulasturann_buraksaglam089,0.3181818181818182,0.36363636363636365
fleetdm_fleet,hughestaylor_artemist-work,1.0,0.0
chanzuckerberg_single-cell-data-portal,parthshahva_calvinnhieu,0.08333333333333333,0.0
gradle_gradle,mlopatkin_SidB3,0.23076923076923078,0.0625
amplication_amplication,morhag90_alexbass86,0.5,0.19047619047619047
amplication_amplication,Smartmind12_Aditya-joshi-devl,0.5,0.75
amplication_amplication,aarushisoni_Hap-i,0.5,0.0
AzureAD_microsoft-authentication-library-for-dotnet,pmaytak_gladjohn,0.2222222222222222,0.42857142857142855
AzureAD_microsoft-authentication-library-for-dotnet,neha-bhargava_gladjohn,0.2222222222222222,0.5
rancher_rancher,dasarinaidu_Priyashetty17,1.0,0.25
rancher_rancher,igomez06_Priyashetty17,1.0,0.19047619047619047
rancher_rancher,Priyashetty17_AndrewHoffmanQA,1.0,0.4666666666666667
rancher_rancher,igomez06_dasarinaidu,1.0,0.15789473684210525
rancher_rancher,dasarinaidu_AndrewHoffmanQA,1.0,0.11764705882352941
rancher_rancher,igomez06_AndrewHoffmanQA,1.0,0.20833333333333334
rancher_rancher,slickwarren_markusewalker,1.0,0.26666666666666666
rancher_rancher,slickwarren_ShylajaDevadiga,1.0,0.029850746268656716
rancher_rancher,markusewalker_ShylajaDevadiga,1.0,0.07142857142857142
project-chip_connectedhomeip,tehampson_chirag-silabs,1.0,0.0
project-chip_connectedhomeip,raju-apple_chrisbeach59,1.0,0.2777777777777778
project-chip_connectedhomeip,rgoliver_raju-apple,1.0,0.2222222222222222
project-chip_connectedhomeip,raju-apple_bluebin14,1.0,0.0
project-chip_connectedhomeip,raju-apple_kpschoedel,1.0,0.2727272727272727
project-chip_connectedhomeip,rgoliver_chrisbeach59,1.0,0.06666666666666667
project-chip_connectedhomeip,chrisbeach59_bluebin14,1.0,0.0
project-chip_connectedhomeip,kpschoedel_chrisbeach59,1.0,0.11764705882352941
project-chip_connectedhomeip,krypton36_jrhees-cae,1.0,0.15384615384615385
project-chip_connectedhomeip,rgoliver_bluebin14,1.0,0.0
project-chip_connectedhomeip,rgoliver_kpschoedel,1.0,0.16666666666666666
project-chip_connectedhomeip,kpschoedel_bluebin14,1.0,0.0
kata-containers_kata-containers,snir911_danmihai1,0.3333333333333333,0.3333333333333333
mui_mui-x,gerdadesign_LukasTy,0.11538461538461539,0.125
o3de_o3de,monroegm_lsemp3d,1.0,0.39473684210526316
o3de_o3de,alexmontAmazon_TheOneAbis,1.0,0.0
o3de_o3de,dtamkin1_alexmontAmazon,1.0,0.43478260869565216
o3de_o3de,michabr_alexmontAmazon,1.0,0.25806451612903225
o3de_o3de,alexmontAmazon_AMZN-stankowi,1.0,0.4
o3de_o3de,jromnoa_alexmontAmazon,1.0,0.3333333333333333
o3de_o3de,jackalbe_alexmontAmazon,1.0,0.34615384615384615
o3de_o3de,amzn-leenguy_alexmontAmazon,1.0,0.25925925925925924
o3de_o3de,smurly_alexmontAmazon,1.0,0.05
o3de_o3de,alexmontAmazon_NeilGitGud,1.0,0.10526315789473684
o3de_o3de,dtamkin1_TheOneAbis,1.0,0.0
o3de_o3de,michabr_TheOneAbis,1.0,0.043478260869565216
o3de_o3de,TheOneAbis_AMZN-stankowi,1.0,0.0
o3de_o3de,jromnoa_TheOneAbis,1.0,0.0625
o3de_o3de,jackalbe_TheOneAbis,1.0,0.0
o3de_o3de,amzn-leenguy_TheOneAbis,1.0,0.0
o3de_o3de,smurly_TheOneAbis,1.0,0.2
o3de_o3de,TheOneAbis_NeilGitGud,1.0,0.2
o3de_o3de,michabr_dtamkin1,1.0,0.35714285714285715
o3de_o3de,dtamkin1_AMZN-stankowi,1.0,0.25925925925925924
o3de_o3de,jromnoa_dtamkin1,1.0,0.2916666666666667
o3de_o3de,jackalbe_dtamkin1,1.0,0.21428571428571427
o3de_o3de,dtamkin1_amzn-leenguy,1.0,0.32
o3de_o3de,smurly_dtamkin1,1.0,0.05263157894736842
o3de_o3de,dtamkin1_NeilGitGud,1.0,0.1111111111111111
o3de_o3de,michabr_AMZN-stankowi,1.0,0.17647058823529413
o3de_o3de,michabr_jromnoa,1.0,0.23333333333333334
o3de_o3de,michabr_jackalbe,1.0,0.2903225806451613
o3de_o3de,michabr_amzn-leenguy,1.0,0.21875
o3de_o3de,smurly_michabr,1.0,0.08333333333333333
o3de_o3de,michabr_NeilGitGud,1.0,0.13043478260869565
o3de_o3de,wintermute-motherbrain_Kadino,1.0,0.18518518518518517
o3de_o3de,jromnoa_AMZN-stankowi,1.0,0.375
o3de_o3de,jackalbe_AMZN-stankowi,1.0,0.38461538461538464
o3de_o3de,amzn-leenguy_AMZN-stankowi,1.0,0.2962962962962963
o3de_o3de,smurly_AMZN-stankowi,1.0,0.1
o3de_o3de,NeilGitGud_AMZN-stankowi,1.0,0.1
o3de_o3de,jromnoa_jackalbe,1.0,0.2692307692307692
o3de_o3de,jromnoa_amzn-leenguy,1.0,0.18518518518518517
o3de_o3de,smurly_jromnoa,1.0,0.1875
o3de_o3de,jromnoa_NeilGitGud,1.0,0.1875
o3de_o3de,jackalbe_amzn-leenguy,1.0,0.2962962962962963
o3de_o3de,smurly_jackalbe,1.0,0.047619047619047616
o3de_o3de,jackalbe_NeilGitGud,1.0,0.1
o3de_o3de,smurly_amzn-leenguy,1.0,0.05
o3de_o3de,amzn-leenguy_NeilGitGud,1.0,0.10526315789473684
o3de_o3de,smurly_NeilGitGud,1.0,0.3333333333333333
lowRISC_opentitan,hcallahan-lowrisc_ctopal,0.3333333333333333,0.2
Expensify_App,trjExpensify_NicMendonca,1.0,0.6428571428571429
Expensify_App,mateocole_NicMendonca,1.0,0.4444444444444444
Expensify_App,danielrvidal_alexpensify,1.0,0.15384615384615385
Expensify_App,trjExpensify_mateocole,1.0,0.2857142857142857
giantswarm_roadmap,snizhana-dynnyk_cokiengchiara,0.5,0.1
dotnet_runtime,ChrisAhna_AntonLapounov,0.38961038961038963,0.0
Azure_azure-powershell,msJinLei_lijinpei2008,1.0,0.2857142857142857
mozilla-mobile_fenix,mavduevskiy_MozillaNoah,1.0,0.21739130434782608
datafuselabs_databend,youngsofun_dantengsky,0.20481927710843373,0.5909090909090909
goharbor_harbor,ywk253100_reasonerjt,0.15702479338842976,0.4235294117647059
nrwl_nx,philipjfulcher_kirjai,0.07407407407407407,0.3
Joystream_pioneer,mochet_dmtrjsg,0.16666666666666666,0.109375
highcharts_highcharts,kamil-musialowski_KamilKubik,0.6666666666666666,0.4117647058823529
trinodb_trino,vlad-lyutenko_radek-starburst,1.0,0.0
trinodb_trino,vlad-lyutenko_laurachenyu,1.0,0.5
trinodb_trino,radek-starburst_laurachenyu,1.0,0.0
trinodb_trino,harmandeeps_anjalinorwood,1.0,0.0
zitadel_zitadel,michaelulrichwaeger_juergrinaldi,0.4,0.25
opencv_cvat,zhiltsov-max_azhavoro,0.15789473684210525,0.6428571428571429
ClickHouse_ClickHouse,qoega_Avogar,0.21875,0.15384615384615385
apache_arrow,gringasalpastor_KarateSnowMachine,0.25,0.3333333333333333
apache_arrow,gringasalpastor_EpsilonPrime,0.25,0.4
microsoft_vscode-python,rchiodo_IanMatthewHuff,0.10869565217391304,0.375
GoogleForCreators_web-stories-wp,mwritter_merapi,0.125,0.2807017543859649
denoland_deno,nayeemrmn_crowlKats,0.14754098360655737,0.15384615384615385
red-hat-storage_ocs-ci,gklein_ebenahar,0.04,0.3076923076923077
elastic_kibana,muskangulati-qasource_karanbirsingh-qasource,1.0,0.2
cityofaustin_atd-data-tech,roseeichelmann_patrickm02L,0.041666666666666664,0.36923076923076925
DGEXSolutions_osrd,Yohh_SarahBellaha,0.36363636363636365,0.7857142857142857
neondatabase_neon,lubennikovaav_arssher,0.2391304347826087,0.48148148148148145
gradio-app_gradio,dawoodkhan82_aliabd,0.2916666666666667,0.4117647058823529
quarkusio_quarkus,rsvoboda_aloubyansky,0.2153846153846154,0.08333333333333333
MicrosoftDocs_visualstudio-docs,milarso81_etvorun,1.0,0.3
storybookjs_storybook,kroeder_andezzat,0.10869565217391304,0.2857142857142857
decentraland_unity-renderer,pravusjif_pbosio,0.5925925925925926,0.5882352941176471
mdn_content,wbamberg_Elchi3,0.19400630914826497,0.14285714285714285
microsoft_vscode-cpptools,schultetwin1_mluparu,0.1346153846153846,0.14285714285714285
